"No.","Date","Genre","Bibl","URL","ContextBefore","Hit","ContextAfter"
"1","2000-01-01","Belletristik","Beyer, Marcel: Spione, Köln: DuMont 2000, S. 75","","Ist es ein einmaliger Schwur, so findet die Geschichte unserer Großeltern an diesem Nachmittag bereits ihr Ende.","Unser Großvater ist gezwungen, seine Liebeserklärung zu wiederholen, sonst kommt es nicht zur Hochzeit, wird es niemals Kinder geben, bleiben am Ende auch die Enkel nur Erfindung.","Und andererseits wäre nicht alles aus gewesen, als unsere Großmutter gestorben ist."
"2","2003-01-01","Belletristik","Riedel, Susanne: Eine Frau aus Amerika, Berlin: Berlin Verlag 2003, S. 216","","Jemand mußte schnell die richtigen Fragen stellen.","Mit den richtigen Fragen, den richtigen Worten würde sich schon alles aufklären.","Das dachte ich."
"3","2000-02-24","Zeitung","Die Zeit, 24.02.2000, Nr. 9","","Wie viele Menschen dieser Beruf fasziniert, zeigt sich bei jeder Besucherführung durch den Malsaal oder das Atelier der Plastiker.","Nicht nur der Kunststoffsäugling wird neugierig befingert.","Auch die alte Backsteinmauer aus Sperrholz, Styropor und Farbe, die selbst bei noch so nahem Hinsehen nichts über ihre wahre Beschaffenheit verrät."
"4","2003-01-01","Belletristik","Müller, Herta: Der König verneigt sich und tötet, München: Carl Hanser Verlag 2003, S. 36","","Mit Kunden wie mir, die den Eidechsschuh so gerne hätten, wenn er durch diese Werbung nicht kompromittiert wäre, rechnet man nicht.","Ich fürchte, die Plakatmacher sind nicht ahnungslos, sondern realistisch: die meisten Kunden denken sich bei den Plakaten nichts Böses, werden nicht abspenstig, sondern zum Kaufen animiert.","Auf die paar, die aufs Ernstnehmen zurückgeworfen sind, kann man getrost verzichten."
"5","2005-01-01","Belletristik","Boie, Kirsten: Skogland, Ort: Hamburg 2005, S. 127","","»Es wird Sie freuen, Hoheit, dass daran genügend Haare hafteten, um eine DNA-Analyse zu veranlassen.","Das Ergebnis werden wir bald haben.«","»Haare!«, murmelte der Vizekönig."
"6","2006-01-01","Belletristik","Düffel, John von: Vom Wasser, München: dtv 2006, S. 84","","Und er spürte die Unwiederbringlichkeit des Scheins und Schimmers dieses, wie er vor langer Zeit einmal gesagt hatte, rechten Lichts.","Er spürte, daß er es nie wieder so sehen, mit seinen Augen würde sehen können, die nunmehr den trüb betrüblichen Glanz seines Vaters annahmen und seinen nüchternen Blick für die Zahl in allen Dingen.","Und während der Abend an Licht verlor, während die Dunkelheit aus den Wäldern und dem schwarzen Wasser hervorkroch und er sich ein letztes Mal hineinträumte in diese verschwindende Welt des Lichts und der Farben, spürte er den stechenden Schmerz, den es bereitete, die Schönheit des Schauens und die Freude der flüchtigen Farben zu verleugnen und auszutreiben aus seinem Blick, und es war wie der Schmerz einer Blendung."
"7","2005-01-01","Belletristik","Schulze, Ingo: Neue Leben, Berlin: Berlin Verlag 2005, S. 631","","Wie oft wollten wir uns schon treffen!","Nun werde ich sie mit Vera besuchen.","Auch Blond und Schwarz, zwei Polizisten, kamen."
"8","2000-02-10","Zeitung","Die Zeit, 10.02.2000, Nr. 7","","Eine Skischaukel zwischen Fichtel- und Keilberg in der Euregio deutsch-tschechisches Erzgebirge ist nicht ausgeschlossen.","Aber jetzt wird erst einmal Fosend, Fasnacht in Oberwiesenthal gefeiert, die vom 3. bis 5. März in einem lärmenden Skifaschingwochenende gipfeln wird.","Dessen Motto und Schlachtruf entspricht gesamtdeutschem Frohsinn: ""Schi Tam, Schi Tam, Schi Tamtaramtamtam""."
"9","2002-01-01","Wissenschaft","Schlögel, Karl: Petersburg, München Wien: Carl Hanser Verlag 2002, S. 112","","»Wer das Walire und Schöne liebt, der wird verdächtigt, sich gleichgültig gegenüber dem Glück des Volkes zu verhalten, der wird verurteilt dafür, daß er die dringendsten Nöte durchsichtiger Interessen und luxurierender Spielereien zuliebe vergißt; und wer Gott liebt, den hält man für einen Volksfeind.«","Die Kleinarbeit der Ärzte und Lehrer wird von der Warte der revolutionären Phrasendrescher als unpolitisch diskreditiert – und muß sich ihrerseits als »politische« Arbeit rechtfertigen.","Die der Autokratie abgetrotzte Öffentlichkeit weist selbst in höchstem Grade anormale Züge auf – mit eigenen Denkgeboten und Denkverboten, Fetischen und Tabus."
"10","2005-01-01","Belletristik","Boie, Kirsten: Skogland, Ort: Hamburg 2005, S. 205","","Je furchtbarer ihre Angst vor uns wird, desto furchtbarer wird auch ihr Hass auf uns werden.","Und bevor sie uns nachgeben, werden sie es uns mit gleicher Münze zurückzahlen.","Für jeden Toten in ihren Städten werden wir mit hundert Toten bei uns bezahlen."
"11","2000-03-30","Zeitung","Die Zeit, 30.03.2000, Nr. 14","","Die ""Ameise"" macht dennoch Karriere.","Einhard wird Geheimsekretär des Königs, Herausgeber der Reichsannalen und übernimmt schließlich den Weiterbau des Aachener Münsters.","Einige Jahre nach Karls Tod schreibt er seine Vita Caroli Magni."
"12","2000-02-03","Zeitung","Die Zeit, 03.02.2000, Nr. 6","","Auch die öffentliche Rede des Schriftstellers ist eine Form der Selbstaufklärung.","Fremdaufklärung oder gar Belehrung der Zuhörer wird mit Verve abgelehnt.","Dem Rezipienten wird uneingeschränkte Deutungsfreiheit zugestanden."
"13","2000-01-01","Belletristik","Koneffke, Jan: Paul Schatz im Uhrenkasten, Köln: DuMont Buchverlag 2000, S. 100","","– »Es ist umschlossen von einer blauen Eierschale.","Und wenn es erwachsen wird, bekommt sie Risse und bricht auseinander.«","– »Und meine Eierschale ist zerbrochen?« –"
"14","2000-04-06","Zeitung","Die Zeit, 06.04.2000, Nr. 15","","Bleibt zum Trost das Komische, etwa ein Ausflug mit den ihm anvertrauten Kindern:","Während des Mittagessens sprechen die Kleinen fröhlich dem Wein zu, ohne dass er es bemerkt, und wie er nun mit den grölenden, singenden, torkelnden Kindern heimwärts zieht, packt ihn plötzlich die grelle Furcht, was wohl die Reformierten denken werden, wenn sie das nun wieder sehen!","Aber meist ist er ganz einfach nur grandios, unbekümmert wie ein Alpenzacken."
"15","2006-01-01","Belletristik","Noll, Ingrid: Ladylike, Zürich: Diogenes 2006, S. 168","","Hoffentlich können wir im Verein mit unseren jugendlichen Begleitern noch etwas Aufregendes erleben.","Morgen werden wir von den verliebten Fremdenführern abgeholt, und die Reise kann beginnen.","Die Koffer sind gepackt; Anneliese bringt gerade einen warmen Apfelkuchen zur Nachbarin, um das Gießen ihrer Lieblingspflanzen im voraus zu belohnen."
"16","2000-02-24","Zeitung","Die Zeit, 24.02.2000, Nr. 9","","Kälte- und Wärmezonen auf der Zunge, fanden die Forscher heraus, können unterschiedliche Geschmacksempfindungen auslösen (Nature, Vol. 403, S. 889).","16 Versuchspersonen meldeten süße Gefühle, wenn die Zungenoberfläche von 20 auf 35 Grad Celsius erwärmt wurde.","Eine darauf folgende Abkühlung wurde als salzig oder sauer interpretiert."
"17","2000-03-02","Zeitung","Die Zeit, 02.03.2000, Nr. 10","","Doch dazu müssen wir die richtige Kombination aus entschlossener, einmütiger Festigkeit und offenem, kritischem Dialog mit den Österreichern finden.","Bei diesem Vorhaben wird die bürgerliche Gesellschaft in den europäischen Staaten von größerer Bedeutung sein denn je.","Aus dem Französischen von Eike Schönfeld"
"18","2003-01-01","Belletristik","Braun, Marcus: Hochzeitsvorbereitungen, Berlin: Berlin Verlag 2003, S. 231","","ansetzt.","Meinen Eltern wird diese Idee nicht gefallen.","Egal, sie werden bald das Land verlassen."
"19","2002-12-31","Wissenschaft","Bruyn, Günter de: Unter den Linden, Berlin: Siedler 2002, S. 94","","So die erste Strophe des »Alten Fritzen« von 1851.","Zwanzig Jahre später aber wird das Denkmal des Königs, den Fontane bis ins hohe Alter verehrte, von ihm anders gesehen.","In seinem Gedicht »Einzug«, das die unvergeßlichen Invaliden-Zeilen enthält:"
"20","2002-01-01","Belletristik","Kopetzky, Steffen: Grand Tour, Frankfurt am Main: Eichborn 2002, S. 674","","Gustav Eichhorns Geschichte in TransEuroNacht würde jetzt zu Ende gehen.","Den Tafelspitz würde er vermissen.","Die reguläre wöchentliche Speisekarte des Salamanderbad."
"21","2000-06-10","Zeitung","Archiv der Gegenwart, 2001. Zitiert nach: Archiv der Gegenwart, 2000, Bd. 70.","","Das Parlament setzte gleichzeitig für den 10. Juli ein Referendum über die Abstimmung über Bashar als neuen Staatspräsidenten an, das den letzten Schritt in der Ernennungsprozedur darstellt.","Bashar wird bei Zustimmung der Bevölkerung eine siebenjährige Amtszeit antreten.","Die 250 Abgeordneten skandierten Sprechchöre zum Lob auf den künftigen Präsidenten, unter anderem ""Blut und Seele opfern wir dir, Bashar!"""
"22","2000-12-31","Gebrauchsliteratur","Delonge, Franz-Benno: Rückhaltlose Aufklärung, Frankfurt a. M.: Eichborn 2000, S. 11. Zitiert nach: Delonge, Franz-Benno: Rückhaltlose Aufklärung, Frankfurt a. M.: Eichborn 2000.","","Festgestellt wird diese Tatsache jeweils durch Sie, und zwar in ersten Interviews nach einer gewonnenen Wahl.","Abscheu und Empörung Nach Verbrechen, Attentaten oder schlimmen Unglücksfällen wird man Sie mitunter um eine Stellungnahme bitten; ansonsten können Sie sich in solchen Fällen auch selbständig zu Wort melden.","Entscheidend ist jedenfalls, daß Sie auch im Überschwang verständlicher Emotionen nur die bewährten Formulierungen verwenden, die eigens für solche Fälle entwickelt worden sind; jede Abweichung hiervon wirkt anfängerhaft und unprofessionell."
"23","2000-04-06","Zeitung","Die Zeit, 06.04.2000, Nr. 15","","Fürchte dich nicht, sagt Antoine und gibt damit seine göttliche, wenn auch nicht gerade katholische Liebesauffassung weiter:","""An dem Tag, an dem wir uns lieben werden, wirst du weder dumm noch krank, noch böse sein.","Solche Prophezeiungen kommen für Adele (Susan Sarandon) zu spät."
"24","2000-10-16","Zeitung","Archiv der Gegenwart, 2001. Zitiert nach: Archiv der Gegenwart, 2000, Bd. 70.","","Israelische Luftangriffe auf Ziele in Ramallah, Gaza und andere Palästinenserstädte am 12. Oktober betrachtete Arafat als Kriegserklärung und Staatsterror.","Mündliche Erklärungen über Gewaltverzicht auf einem Gipfeltreffen am 16. und 17. Oktober in Sharm el-Scheich wurden auf beiden Seiten nicht eingehalten.","Israel verkündete die Unterbrechung des Friedensprozesses."
"25","2003-01-01","Belletristik","Riedel, Susanne: Eine Frau aus Amerika, Berlin: Berlin Verlag 2003, S. 100","","Nicht eine der ausländerfeindlichen Parolen, vor denen Sharon mich gewarnt hatte, allerdings fand ich auch meine U-Bahn-Linie nicht, obwohl sie an jeder Gabelung ausgeschildert war.","Bald würde es soweit kommen, daß sie mich von der Straße nahmen.","Leise murmelnd würde mich meine unbekannte Nichte auf ein fremdes Sofa schnallen."
"26","2000-01-01","Belletristik","Beyer, Marcel: Spione, Köln: DuMont 2000, S. 43","","Durchs Opernglas hat er verfolgt, wie die Figur mit ihrem ersten Ton die Szene eingenommen hat.","Der Birkenwald wurde zu ihrem Wald, die Gasse war schon immer ihre Gasse.","Von Anfang an gehörte auch der männliche Gegenpart allein zu ihr, nie hätte der Tenor einer anderen Frau verfallen dürfen, so wie die Sängerin ihm verfallen war."
"27","2000-01-01","Belletristik","Goosen, Frank: Liegen lernen, Frankfurt am Main: Eichborn AG 2000, S. 11","","Wenn meine Eltern fernsahen, dann sahen sie fern und nichts anderes.","Da wurde nicht geredet.","Aber meine Eltern redeten ohnehin nicht viel, jedenfalls nicht miteinander."
"28","2003-01-01","Belletristik","Franck, Julia: Lagerfeuer, Köln: DuMont Literatur und Kunst Verlag 2003, S. 241","","Gespannt saßen die beiden am Fenster und betrachteten ihre ausgestreuten Körner.","Ab und an schoben sie eins der Körnchen vom Fensterbrett, wohl in der Hoffnung, der schwarze Vogel würde bemerken, daß ihn hier oben die Sicherung seiner Existenz erwartete.","Ein Spatz kam, ein zweiter."
"29","2004-01-01","Wissenschaft","Safranski, Rüdiger: Friedrich Schiller, München Wien: Carl Hanser 2004, S. 359","","Wenn sich die Form ungehindert ausprägen kann und die Masse nicht stört, empfinden wir Schönheit; wenn aber die Masse zu schwer und darum ungestalt ist und die Form sich darin verliert, wenn die Ausdrucksgebärde und Bewegung gehemmt, verzerrt und nur verkümmert sich zeigen kann, reagieren wir mit Widerwillen oder sogar Abscheu.","Die schwere Materie darf nicht den Eindruck erwecken, als werde sie gezwungen, sie muß von sich aus, freiwillig, sich dem Formwillen fügen, jedenfalls sollte es so erscheinen.","Solche Freiwilligkeit ist selbstverständlich nur analog auf die nichtmenschliche Natur anzuwenden, aber sie gibt den Gesichtspunkt für die Beurteilung der Schönheit, und sie ist maßgeblich für das schone Zusammenspiel von Mensch und Dingen."
"30","2000-02-03","Zeitung","Die Zeit, 03.02.2000, Nr. 6","","Kranke Umweltschützer verzichten kaum auf Röntgenbilder.","Die Felsformationen, die seit 300 Millionen Jahren stabil sind, werden das noch ein paar zehntausend Jahre bleiben.","Wenn wir vor dreißig Jahren voll auf nukleare Energie gesetzt hätten, wäre der Verbrauch von fossilen Brennstoffen vierzigmal geringer ausgefallen."
"31","2000-01-20","Zeitung","Die Zeit, 20.01.2000, Nr. 4","","23. Januar","Geboren: Sein Schiffsstreifen wurde zum gerühmtesten der Filmgeschichte","Gestorben: Schuf eine Venus von Milo und zog Gala aus"
"32","2003-01-01","Belletristik","Funke, Cornelia: Tintenherz, Hamburg: Cecilie Dressler Verlag 2003, S. 139","","Er denkt immer nur das Beste von den Menschen.","Er würde dem Teufel höchstpersönlich trauen, wenn der ihn nur freundlich anlächelte.«","Meggie drehte sich zu Elinor um."
"33","2000-04-27","Zeitung","Die Zeit, 27.04.2000, Nr. 18","","Ein Fernsehen, dessen zentrale Aufgabe Berlusconi so beschrieb:","""Wer heute ein Glas verkauft, wird mithilfe des Fernsehens fünf verkaufen können.","Man wird fünf Gläser produzieren, es wird mehr Arbeit geben, der Wirtschaft wird es besser gehen!"
"34","2003-01-01","Belletristik","Riedel, Susanne: Eine Frau aus Amerika, Berlin: Berlin Verlag 2003, S. 174","","Die beiden Sessel verkrusten schon, der schwarzrote Lacktisch, Sharons Pyramiden auf der Kommode.","Mir wird plötzlich angst und bange, weil sich etwas aus seiner Verankerung gerissen hat, und ich beim besten Willen nicht sagen kann, was es ist.","Sie ist wütend, und in dieser Wut kriecht etwas Seltsames unter ihrem Gesicht hervor, und darum schlage ich auch die Decke zurück."
"35","2004-01-01","Wissenschaft","Safranski, Rüdiger: Friedrich Schiller, München Wien: Carl Hanser 2004, S. 375","","In demselben Brief kündigt er sein nächstes großes Vorhaben an:","er wird in die schwäbische Heimat reisen.","Der Vater wird siebzig Jahre alt, er hat nicht mehr lange zu leben, befürchtet er, und auch die Mutter kränkelt."
"36","2001-01-01","Belletristik","Regener, Sven: Herr Lehmann, Frankfurt am Main: Eichborn AG 2006, S. 298. Zitiert nach: Regener, Sven: Herr Lehmann, Berlin: Eichborn Verlag 2001.","","»Wie willst du denn jetzt nach Schöneberg kommen?«","»Als Ostler wird man heute abend von jedem mitgenommen.«","Sylvio ging an die Oranienstraße, hielt ein Auto an, sprach kurz mit dem Fahrer und stieg dann ein."
"37","2004-01-01","Wissenschaft","Safranski, Rüdiger: Friedrich Schiller, München Wien: Carl Hanser 2004, S. 95","","Die skeptischen Töne werden lauter.","Da wird beispielsweise die Euphorie beim Sterben untersucht, jener Augenblick, wo es den Anschein hat, als würde die Seele gleichsam aus aller Kohärenz mit der Materie (V, 315) gerissen.","Diese ungewöhnliche Heiterkeit nennt Schiller bösartig, weil sie ein Wohlsein vorgaukele, da doch in Wirklichkeit nur die abgestorbenen Nerven die schmerzhaften Reizungen nicht mehr weiterleiten."
"38","2000-04-20","Zeitung","Die Zeit, 20.04.2000, Nr. 17","","Seine politische Stabilität wirkt sich für Deutschland ebenfalls zum Nachteil aus.","So wurde bei Koch-Wesers Scheitern naserümpfend vermerkt, er sei ja noch nicht einmal Minister gewesen.","Wie sollte er auch, wenn unsere Kabinette schier ewig halten."
"39","2005-01-01","Belletristik","Schulze, Ingo: Neue Leben, Berlin: Berlin Verlag 2005, S. 746","","Denn alles, was ihm widerfuhr, schmerzte sie doppelt.","Jetzt aber würde er ihr weh tun müssen.","Er war seiner Mutter immer dankbar gewesen, daß sie ihn und die Schwester nicht so behandelt hatte, wie Kinder gemeinhin behandelt wurden."
"40","2000-04-06","Zeitung","Die Zeit, 06.04.2000, Nr. 15","","Undank ist der Welten Lohn.","Wirst schon sehen, warnt Volkes Stimme, was du davon hast, wenn du erst einmal mit dem Gesundheitssystem auf der Insel konfrontiert bist und die hohen Mieten in deren Hauptstadt Londonium berappen musst.","Das Penthouse an der Themse zahlt indes Falbalas neuer Freund."
"41","2000-04-20","Zeitung","Die Zeit, 20.04.2000, Nr. 17","","Merbold: Natürlich.","Auf der Europa wird täglich eine große deutsche Zeitung gedruckt, und in den größeren Häfen kommen auch andere Blätter an Bord.","Es ist kein Problem, vom Schiff nach Hause zu telefonieren."
"42","2002-01-01","Belletristik","Kopetzky, Steffen: Grand Tour, Frankfurt am Main: Eichborn 2002, S. 18","","Aber dann hatte er sich selbst die Straße, in der sie wohnten, auf dieselbe Weise hochfahren gesehen, wie wenn er von der Schule nach Hause kam.","Er wußte, die Radtour würde die Hölle sein, aber sie würde enden.","Es könnte alles passieren, was die Kombination eines neuen Liebhabers seiner ziemlich attraktiven, sehr liebenswerten Mutter und einer überraschenden, antiautoritären Radtour zum gegenseitigen Kennenlernen fürchten ließ – aber es würde enden."
"43","2000-04-06","Zeitung","Die Zeit, 06.04.2000, Nr. 15","","Im Liverpool der Beatles lagen die Erdbeerfelder noch irgendwo hinter dem Friedhof.","Winy Maas als Stapelurbanist würde sie heute in die 17. Ebene eines Megacontainers legen.","John Lennon würde hier wahrscheinlich einen etwas anderen Song schreiben als damals."
"44","2000-03-09","Zeitung","Die Zeit, 09.03.2000, Nr. 11","","""Es geht in erster Linie darum, den Strahlenschutz besser zu gewährleisten, indem man das zusätzliche Risiko, das durch die Transporte entsteht, vermeidet.""","Keinen Zweifel lässt der BfS-Präsident jedoch daran, dass die insgesamt beantragte Zwischenlagerkapazität für 1719 Castoren an 13 Standorten überdimensioniert sei und die Akzeptanz für diese Zwischenlager damit auch gehörig beeinträchtigt werde.","Nach Festlegung des Ausstiegsfahrplans erwartet er deutliche Korrekturen durch die Antragsteller."
"45","2000-03-23","Zeitung","Die Zeit, 23.03.2000, Nr. 13","","Und so treu und trocken hat Helmut Frielinghaus dieses schlichte Wunder hinübergerettet ins Deutsche.","* Raymond Carver: Würdest du endlich still sein, bitte","Erzählungen; aus dem Amerikanischen von Helmut Frielinghaus; Berlin Verlag, Berlin 2000; 326 S., 39,80 DM"
"46","2000-02-03","Zeitung","Die Zeit, 03.02.2000, Nr. 6","","So plausibel also solche Anregungen im Zorn über das ""System Kohl"" erscheinen mögen - eine systematische Debatte unter Verfassungspolitikern dürften sie kaum überleben.","Und umgesetzt würden sie wohl nicht, solange bescheidenere und nicht minder wirksame Verfassungsänderungen nicht zum Zuge kommen - zum Beispiel die striktere Regelung der Finanztransparenz.","Vor allem aber, wenn nicht einmal die Ergänzung und Stärkung der repräsentativen Demokratie durch plebiszitäre Elemente beschlossen wird, etwa der Volksinitiative für Gesetze."
"47","2006-01-01","Belletristik","Schrott, Raoul: Tristan da Cunha oder die Hälfte der Erde; Hanser Verlag 2003, S. 533","","Warten will ich nicht, ich ziehe mir in Bens Haus andere Schuhe und eine warme Jacke an.","[...] Ich steige rechts des Hottentot Gulch den Hang hoch, den von den Schafen ausgetreten Pfaden nach, bis aus ihnen ein Weg wird, der zum Grat hinaufführt; ich schreite zu schnell aus, es ist ein verhaltener Zorn in mir, ein kindischer Eifer, ich weiß, jeder unten im Dorf kann mich sehen, ich breche in Schweiß aus, links von mir das trockene, glatt ausgewaschene Bett des Wasserfalls, dann die mit Moos und Flechten bewachsene schmale Traverse zum Grat, die immer steiler wird, sie sollen mich gehen sehen, meine Unbeirrbarkeit der einzige Trotz, den ich ihnen zu verstehen geben kann, und nach einer Stunde bin ich oben auf zweitausend Fuß, in den Wolken und heftigen Böen, schneidend kalt in der Lunge, als ich endlich wieder zu Luft komme. [...]","Ich sehe nur ein paar Schritte weit, der Boden ist schwammig, meine Schuhe sind längst naß von dem Morast, meine ganzen Kleider."
"48","2000-04-06","Zeitung","Die Zeit, 06.04.2000, Nr. 15","","Dann hasse ich die Deutschen, die sich penibel an Anordnungen halten und für die Güte ein Fremdwort zu sein scheint.","""Bei uns würde so etwas nicht passieren"", denke ich dann.","Warte ich hingegen in der Türkei an einer Haltestelle auf einen verspätet einfahrenden Bus, dann schätze ich wiederum die deutsche Pünktlichkeit."
"49","2000-09-16","Zeitung","Archiv der Gegenwart, 2001. Zitiert nach: Archiv der Gegenwart, 2000, Bd. 70.","","TRUDEAU war 1968 auf der Woge großer Sympathie in weiten Teilen der Bevölkerung, der man den Begriff ""Trudeaumania"" gab, in das Amt des Premierministers gewählt worden, behielt diesen Posten mit einer kurzen, neun Monate dauernden Unterbrechung (1979/80) bis 1984 und zog sich anschließend aus der Politik zurück.","Der charismatische Politiker, der seine Amtstätigkeit stets mit vielbeachteten und seine Popularität steigernden unkonventionellen Gesten verband, wurde von seinen Landsleuten in sechs kanadischen Provinzen noch wenige Monate vor seinem Tod in einer Umfrage zum ""Premierminister des Jahrhunderts"" erhoben.","11. Ein Gericht in Jakarta verfügte am 28. September die Einstellung des Prozesses gegen SUHARTO, den ehemaligen Staatspräsidenten von Indonesien, der am 31. August eröffnet worden war."
"50","2006-01-01","Belletristik","Venske, Regula: Marthes Vision, Frankfurt am Main: Eichborn Verlag 2006, S. 80","","Und wenn eine Bedarf an einem guten Liebhaber hatte, so fand sie ihn in dir.","Manch eine wird ein Leben lang vom Sommer in der Bleibtreustraße erzählen.","Und du, Beat?"
"51","2001-12-31","Gebrauchsliteratur","Schwanitz, Dietrich: Männer, Frankfurt a. M.: Eichborn 2001, S. 282","","Zahllose praktische Dinge müssen geregelt werden.","Eine Wohnung wird bezogen und eingerichtet, der Alltag organisiert, die Hausarbeit zugeteilt, und es wird geregelt, wer welcher Arbeit nachgeht, und wie das Geld verwaltet und zugeteilt und wofür es ausgegeben und gespart wird.","Das Leben zu zweit muß vollständig neu organisiert werden."
"52","2006-01-01","Belletristik","Schrott, Raoul: Tristan da Cunha oder die Hälfte der Erde; Hanser Verlag 2003, S. 647","","Der Mund des Meeres sich öffnete und der Fels die Wasser in die Tiefe wieder schloß.","Der Stein, der sich nicht mehr von der Stelle bewegen wird bis zum Jüngsten Tag.","Der Stein war das erste Zeichen, glatt und vollkommen."
"53","2003-01-01","Belletristik","Funke, Cornelia: Tintenherz, Hamburg: Cecilie Dressler Verlag 2003, S. 417","","»Also, eigentlich immer.","Irgendwann haben sie es dann aufgegeben, weil sie merkten, dass mein Lesen durch die Angst, die sie mir machten, nicht gerade besser wurde.","Im Gegenteil... Flachnase zum Beispiel «, er senkte die Stimme und warf einen nervösen Blick zur Tür » Flachnase habe ich herausgelesen, während Basta mit seinem Messer neben mir stand."
"54","2006-01-01","Belletristik","Glavinic, Thomas: Die Arbeit der Nacht, München Wien: Carl Hanser Verlag 2006, S. 102","","Einen falschen Wecker, eine falsche Garderobe, ein falsches Telefon.","Die Tasse, aus der er den Morgenkaffee trank, würde zwar ihm gehören, aber er würde dennoch an die Tasse denken müssen, die er am Vortag benützt hatte.","Und wo sie sich in diesem Moment befand."
"55","2003-01-01","Belletristik","Funke, Cornelia: Tintenherz, Hamburg: Cecilie Dressler Verlag 2003, S. 87","","»Sie sind sowieso längst weg!«, sagte sie.","»Du meine Güte, es wird ihm schon nichts passieren!«","Elinor zog den Mantel enger um sich."
"56","2004-01-01","Belletristik","Düffel, John von: Houwelandt, Köln: DuMont Literatur und Kunst Verlag 2004, S. 123","","Esther dachte an ein paar einleitende Worte, einen Willkommensgruß im Stil einer kleinen, das Eis brechenden Vorrede.","Über den weiteren Ablauf des Abends würde sie sich mit Beate schnell einig werden.","Doch dazu mußte sie ihr erst einmal die volle Wahrheit sagen, und es durfte sich eben nicht nach dem Brocken anhören, der ihr auf der Seele lag, seitdem sie Thomas im Alleingang die Geburtstagsrede anvertraut hatte."
"57","2001-12-31","Gebrauchsliteratur","Krämer, Walter u. Sauer, Wolfgang: Lexikon der populären Sprachirrtümer, Frankfurt a. M.: Eichborn 2001, S. 70","","= ich ganz allein.","Aus »moi tout seul« wurde »mutterseel«, und weil das Wort mit der Zeit für manche unverständlich wurde, kam dann noch zur Verdeutlichung »allein« dazu.","nachäffen:"
"58","2000-09-16","Zeitung","Archiv der Gegenwart, 2001. Zitiert nach: Archiv der Gegenwart, 2000, Bd. 70.","","Bei ihr handelt es sich um eine Splittergruppe der Moro Islamic Liberation Front (MILF), die - ungeachtet des 1996 geschlossenen Friedensabkommens (41360 A) - seit Jahren für die Sezession des islamisch geprägten Südens der Philippinen mit der Hauptinsel Mindanao kämpft.","Die 1991 gegründete Abu Sayyaf wird als die radikalste Muslimgruppe in dem Inselstaat gesehen.","2. In Myanmar (Burma) wurde am 14. September der Hausarrest für die Bürgerrechtlerin und Friedensnobelpreisträgerin Daw AUNG SAN SUU KYI gelockert."
"59","2000-01-20","Zeitung","Die Zeit, 20.01.2000, Nr. 4","","Während die Organisatoren schon mit dem Ökoslogan warben, war der Olympiapark an der Homebush Bay noch eine Giftmülldeponie - seit den Sechzigern, als der Chemiekonzern Union Carbide hier Agent Orange herstellte, mit dem die US-Army anschließend Vietnam entlaubte.","Mit Milliardenaufwand wurde das Gelände für die Spiele entseucht.","""Zweifellos ein Erfolg für Greenpeace"", freut sich der Olympics Toxics Campaigner der Umweltorganisation, Darryl Luscombe."
"60","2006-01-01","Belletristik","Schrott, Raoul: Tristan da Cunha oder die Hälfte der Erde; Hanser Verlag 2003, S. 702","","Wie Bildröhren in einem Fernsehgerät registrieren sie die Lichtblitze, die von Neutrinos ausgehen, Geisterteilchen, die keine elektrische Ladung besitzen, mit der Materie kaum wechselwirken und nur eine unvorstellbar kleine Masse besitzen; 60 Milliarden davon gehen in der Zeit, in der ich diesen Satz schreibe, durch den Halbmond jedes Fingernagels, ohne daß sie sich selbst irgendwie nachweisen ließen.","Ganz, ganz selten aber reagiert ein Neutrino mit einem Atom, um ein Teilchen zu produzieren, das Muon genannt wird und bei dieser Kollision Tausende Fuß lange, blaue Leuchtstreifen hinterläßt.","Licht, das immer noch so schnell wie Licht ist, obwohl die Materie es bremsen müßte."
"61","2003-01-01","Belletristik","Hahn, Ulla: Unscharfe Bilder, München: Deutsche Verlags-Anstalt 2003, S. 147","","Ichsein vor allen Bildern und Briefen, Herzschlag, der nichts von sich weiß.","Vielleicht würde sie Sehhaupt noch einmal aufsuchen.","Der Vater rief nicht an."
"62","2005-01-01","Belletristik","Boie, Kirsten: Skogland, Ort: Hamburg 2005, S. 310","","»Je übernächtigter du wirkst«, sagte er, »je deutlicher den Menschen wird:","Er schont sich nicht, er gibt sein Letztes für uns, desto mehr werden sie dich lieben.","Dies ist unsere Chance, Norlin."
"63","2000-04-06","Zeitung","Die Zeit, 06.04.2000, Nr. 15","","Ins Kosovo sind rund 8000 000 Albaner zurückgekehrt, die überwiegende Mehrheit der Serben aber ihrerseits vertrieben.","Hass und Gewalt werden von den KFor-Truppen nur mühsam gezügelt.","Die Albaner akzeptieren keineswegs den Status der so genannten ""substanziellen"" Autonomie innerhalb der Bundesrepublik Jugoslawien, die doch das Hauptkriegsziel war."
"64","2002-01-01","Belletristik","Kopetzky, Steffen: Grand Tour, Frankfurt am Main: Eichborn 2002, S. 403","","In Buenos Aires nahm man gerade seinen 15 Uhr Mate.","Wurde langsam Zeit aufzubrechen.","Ihr Zug ging um kurz nach acht, 20 Uhr 12."
"65","2006-01-01","Belletristik","Glavinic, Thomas: Die Arbeit der Nacht, München Wien: Carl Hanser Verlag 2006, S. 373","","Kurz vor halb drei.","Er programmierte alle elf Kameras so, daß sie um 14.45 Uhr auf Wiedergabe schalten würden.","Obwohl er sich nicht beeilte, war er schon fünf Minuten nach halb fertig."
"66","2004-01-01","Wissenschaft","Safranski, Rüdiger: Friedrich Schiller, München Wien: Carl Hanser 2004, S. 98","","Die Schwester mußte von solchen Andeutungen alarmiert sein, doch sie wird mit Erleichterung gelesen haben, daß ihr verdüsterter Bruder seinen Brief beschließt mit der Bitte um Strümpfe, Federkiele und Nachthemden.","Die Eltern und die Schwester werden noch die Freude haben, den Sohn aus der Akademie treten zu sehen.","Das geschieht am 15. Dezember 1780."
"67","2000-02-10","Zeitung","Die Zeit, 10.02.2000, Nr. 7","","Schon wegen der noch offenen Frage der Beteiligung des Staates an der Finanzierung:","Der neue Finanzminister Karl-Heinz Grasser, ein Haider-Spezi, wird jeden Schilling mehrmals umdrehen, bevor er ihn für Zwangsarbeiter ausgibt - zumal er sparen muss.","Bleibt Haiders Aufrechnung, die Junktimierung."
"68","2004-01-01","Wissenschaft","Safranski, Rüdiger: Friedrich Schiller, München Wien: Carl Hanser 2004, S. 207","","Das war der Plan einer Weinlaune, Schiller ist nicht mehr darauf zurückgekommen.","An diesem letzten Abend aber haben die beiden Freunde darauf angestoßen und mit einer Umarmung besiegelt, daß keiner an den anderen schreiben werde, »bis er Minister oder der andere Kapellmeister sein würde«.","Die Freunde scheiden voneinander."
"69","2000-03-18","Gebrauchsliteratur","o. A. [cwi]: Bundessicherheitsrat. In: Aktuelles Lexikon 1974-2000, München: DIZ 2000. Zitiert nach: Süddeutsche Zeitung, 18.03.2000.","","","Der Bundessicherheitsrat ist einer von fünf Kabinettsausschüssen, die von der Bundesregierung eingerichtet worden sind und in denen ressortübergreifend über besonders komplexe Themen beraten wird.","Sicherheitspolitik, Verteidigung, Abrüstung und Rüstungskontrolle – das sind die Fragen, mit denen sich der Bundessicherheitsrat beschäftigt."
"70","2001-12-31","Wissenschaft","de Bruyn, Günter: Preußens Luise, Siedler 2001, S. 41","","In keiner ihrer Lebensbeschreibungen fehlt die Szene aus dem Kriegswinter 1806/07, in der sie auf der Flucht in Ostpreußen Goethes Verse »Wer nie sein Brot mit Tränen aß«, wie die Sage es will, mit dem Diamanten ihres Fingerrings in die Fensterscheibe einer Bauernhütte, die ihr als Herberge diente, ritzte, in Wahrheit aber in ihr Tagebuch schrieb.","Dichtung war also mit der schönen und tragischen Gestalt der Königin immer verbunden, und unzählige Verse jeglichen Niveaus wurden schon zu ihren Lebzeiten auf sie oder ihr zu Ehren gedichtet, zu ihren Geburtstagen, Niederkünften oder Huldigungsreisen, zu denen auch August Wilhelm Schlegel ein Gedicht beisteuerte, in dem es, nachdem erst vom König die Rede war, von ihr heißt:","Wie könnte je sich ihm der Himmel schwärzen?"
"71","2000-11-13","Zeitung","Archiv der Gegenwart, 2001. Zitiert nach: Archiv der Gegenwart, 2000, Bd. 70.","","In diesem Zusammenhang haben wir die nukleare Sicherheit und die Bewirtschaftung der Abfälle und bestrahlten Kernbrennstoffe erörtert.","Wir sind übereinstimmend der Auffassung, dass vorrangig auf den raschen Abschluss der derzeit laufenden Verhandlungen über das Multilaterale Umweltprogramm für den Nuklearsektor in der Russischen Föderation (MNEPR) hingearbeitet werden muss, damit der Übergang zu einer fortgeschrittenen Phase der Kooperation in diesem Bereich möglich wird.","Besondere Bedeutung messen wir der Zusammenarbeit im Bereich Justiz und Inneres bei."
"72","2006-01-01","Wissenschaft","Lepenies, Wolf: Kultur und Politik, München, Wien: Carl Hanser Verlag 2006, S. 121","","»Es giebt offenbar nichts, das nicht im Mund des öffentlichen Menschen dreckig und kompostig würde.«","Als ihn einmal die »gesellschaftlichen Dinge« interessieren, geht es darum, ob Freund Oelze zum Anzug Gamaschen anziehen wird.","Benn an F.W. Oelze, 5. Mai 1935; Briefe an F. W. Oelze 1932-1945, S. 51."
"73","2000-03-02","Zeitung","Die Zeit, 02.03.2000, Nr. 10","","Zeitmosaik","Mit der Feststellung ""Die Welt ist verrückt geworden"" zur Tagesordnung überzugehen, da uns diese zerrissen und ins Gesicht geworfen wird, ist zwecklos, wenn stets neue Hiobsbotschaften eintreffen.","Die Wiener Tageszeitung ""Die Presse"" über die österreichische Befindlichkeit"
"74","2003-01-01","Belletristik","Funke, Cornelia: Tintenherz, Hamburg: Cecilie Dressler Verlag 2003, S. 544","","Warum war sie nicht verschwunden?","Darius hielt sie immer noch fest, als habe er Angst vor dem, was geschehen würde, wenn er sie losließ.","Aber sie trat und wehrte sich nicht mehr."
"75","2002-01-01","Wissenschaft","Schlögel, Karl: Petersburg, München Wien: Carl Hanser Verlag 2002, S. 31","","Im Schritt von der Residenzstadt zur Metropole vollzieht sich der Übergang von einer aristokratisch-imperialen zu einer urbanen Zivilisation.","Vom Gelingen dieses Übergangs hing es ab, ob die Hauptstadt auch weiterhin Hauptstadt würde bleiben können und ob die Modernisierung des russischen Reichs – ob unter zaristischer oder bolschewistischer Führung – unter der Ägide einer zivilen oder einer imperialen Hauptstadtkultur würde vor sich gehen können.","Das Verschwinden der Residenzstadt"
"76","2004-01-01","Belletristik","Schwarz, Hans-Peter: Anmerkungen zu Adenauer, München: Deutsche Verlags-Anstalt 2005, S. 131. Zitiert nach: Schwarz, Hans-Peter: Anmerkungen zu Adenauer, München: Deutsche Verlags-Anstalt 2004.","","Doch dasselbe gilt für England, als er Anfang der fünfziger Jahre die dortigen Altertümer besichtigt und sich konkret vergewissert, daß auch dies ein christliches Land ist.","Hätten sich die Briten später ähnlich wie die in diesem Punkt klügeren Franzosen mehr um die emotionale Seite dieses nur scheinbar ganz kühlen Verstandesmenschen gekümmert, würde das vielleicht manches geändert haben.","Kulturell am stärksten von allen Ländern spricht Adenauer, der auch ein begeisterter Sammler von Renaissance- und Barockgemälden ist, jedenfalls seit den Studentenjahren Italien an – kein Zufall, daß er auf seine alten Tage immer wieder nach Cadenabbia an den Corner See zurückkehrt."
"77","2000-03-02","Zeitung","Die Zeit, 02.03.2000, Nr. 10","","Es geht neuen Ufern entgegen, das lässt hoffen.","Drüben, jenseits des Atlantiks, wird das Leben besser sein, es muss.","Aber nach der Ankunft in der irischen Stadt Limerick ändert sich die Farbe des Lebens."
"78","2000-05-05","Zeitung","Archiv der Gegenwart, 2001. Zitiert nach: Archiv der Gegenwart, 2000, Bd. 70.","","Auf Intervention des religiösen Führers des Iran bestätigte der Wächterrat am 20. Mai das Ergebnis der Parlamentswahl für die meisten Teheraner Bezirke, womit die Gefahr einer direkten Konfrontation zwischen beiden politischen Lagern abgewendet wurde.","Nur in zwei Bezirken wurde eine Nachwahl angeordnet.","Die Zahl der reformorientierten Abgeordneten in der neuen Kammer stieg damit auf mindestens 185 der insgesamt 290 Deputierten."
"79","2005-01-01","Belletristik","Schulze, Ingo: Neue Leben, Berlin: Berlin Verlag 2005, S. 110","","Flieder war nur einmal kurz da.","Er hat einen Tumor im Kopf und wird diese Woche in Berlin operiert.","Damit kommt er auch ohne Zutun der Sluminski nicht als neuer Oberspielleiter in Frage."
"80","2002-01-01","Belletristik","Kopetzky, Steffen: Grand Tour, Frankfurt am Main: Eichborn 2002, S. 163","","»Legen Sie Wert darauf, daß ich mich umhöre?«","»Ich würde Sie auf jeden Fall nicht bezahlen, wenn Sie taub wären.«","»Aber stumm, ich weiß, ich weiß.«"
"81","2001-12-31","Gebrauchsliteratur","Schwanitz, Dietrich: Männer, Frankfurt a. M.: Eichborn 2001, S. 248","","Er mußte sie achten lernen.","Und je länger er ihrer Willkür und ihren unbegründbaren Launen unterworfen wurde und trotzdem bei der Stange blieb, desto vertrauenswürdiger wurden seine Liebeserklärungen.","Es handelte sich also um eine richtige Prüfung."
"82","2000-04-13","Zeitung","Die Zeit, 13.04.2000, Nr. 16","","Zwar hat auch die neue EU-Transportkommissarin Loyola de Palacio »ein riesiges Problem im Luftverkehr« erkannt, doch die von ihr einberufene hochrangige EU-Arbeitsgruppe droht bereits wieder an nationalistischem Hickhack zu scheitern.","Insider im Berliner Verkehrsministerium wissen bereits, dass es mit einer Entlastung des Luftraums bis zu den großen Ferien nichts werden wird:","»Der Streit zwischen Großbritannien und Spanien um Gibraltar blockiert auch hier jeden Fortschritt."
"83","2003-01-01","Belletristik","Dölling, Beate: Hör auf zu trommeln, Herz, Weinheim: Beltz & Gelberg 2003, S. 13","","Schließlich nannten sie ihn ja nicht umsonst »den schönen Ingo«.","Es hieß, dass er in Berlin sogar mit Brad Pitt verglichen wurde und seine Englischlehrerin auch scharf auf ihn war und ihn »den kleinen Robert Redford« genannt hat, wobei er sich nur über das Wörtchen »klein« geärgert haben soll.","Er sieht wirklich aus wie ein Filmstar, groß, mit blondem, vollem Haar, leuchtenden blauen Augen, starkem Kinn und wunderschönem Leberfleck auf der linken Wange."
"84","2002-01-01","Belletristik","Kopetzky, Steffen: Grand Tour, Frankfurt am Main: Eichborn 2002, S. 155","","Das Gran Tour.","Er sehnte sich so sehr danach, sich endlich auszusprechen, daß er immer schüchterner wurde und ihm die Vorstellung, jemanden vorher ansprechen zu müssen, den kalten Schweiß ausbrechen ließ.","Vielleicht wäre Erfurt ja zufällig da."
"85","2002-01-01","Wissenschaft","Schlögel, Karl: Petersburg, München Wien: Carl Hanser Verlag 2002, S. 242","","Die Kinos am Nevskij: Phantasieraum, des neuen Publikums","Im Mai 1896 wird 111 Petersburg der erste Film vorgeführt – es ist ein bedeutungsvolles Jahr:","In Nižnij Novgorod stellt sich erstmals auf der großen Messe das moderne Rußland vor, in Moskau kommen bei den Krönungsfeierlichkeiten für Nikolaus II. mehr als lausend Menschen um, als Tribünen zusammenstürzen und eine Panik ausbricht."
"86","2004-01-01","Wissenschaft","Safranski, Rüdiger: Friedrich Schiller, München Wien: Carl Hanser 2004, S. 88","","Freundlos war der große Weltenmeister, / fühlte Mangel, darum schuf er Geister... aus dem Kelch des ganzen Wesenreiches / schäumt ihm die Unendlichkeit (V, 353).","Diese Verse aus den »Philosophischen Briefen« werden Hegel so sehr beeindrucken, daß er sie zum Abschluß seiner »Phänomenologie des Geistes« als deren Quintessenz zitiert.","Schillers Liebesphilosophie schwärmt nicht in ein imaginäres jenseits hinüber, sie ist immanent gerichtet, sie will nicht spekulativ, sondern durchaus empirisch sein."
"87","2000-02-17","Zeitung","Die Zeit, 17.02.2000, Nr. 8","","Wie Sie sich vielleicht vorstellen können, habe ich auch einige Möglichkeiten, das zu tun.","Die Unterscheidung zwischen den ""guten"" Hackern (die persönlich keinen Schaden anrichten) und den ""bösen"" wird immer fragwürdiger.","Wer Waffen herstellt und sie in der Öffentlichkeit frei herumliegen lässt, der trägt auch Mitverantwortung, wenn andere sich diese Waffen greifen und sie einsetzen."
"88","2000-01-01","Belletristik","Koneffke, Jan: Paul Schatz im Uhrenkasten, Köln: DuMont Buchverlag 2000, S. 241","","Als wir heimreisten, sagte ich zu meinem Vater: »Onkel Paul ist ein echter Kindskopf.«","Verdutzt war mein Vater und schmunzelte heimlich und dachte vermutlich, mein Sohn wird erwachsen.","Meine Eltern trennten sich, und im August '75 ließ ich meinen Vater alleine reisen."
"89","2005-01-01","Belletristik","Schulze, Ingo: Neue Leben, Berlin: Berlin Verlag 2005, S. 278","","Und draußen, sie weist zum Fenster, liegt überall Schnee.","Er leuchtet so grell, daß das Haus gegenüber unsichtbar wird.","Mamus schickt mich vor den Spiegel, damit ich endlich merke, wie ich jetzt aussehe."
"90","2000-02-24","Zeitung","Die Zeit, 24.02.2000, Nr. 9","","Die Europäische Union, eine Enttäuschung, ja.","Aber bald schmilzt das Eis am Wörthersee und die Touristen werden kommen und schwimmen.","Wie immer."
"91","2000-01-01","Belletristik","Schuh, Franz: Schreibkräfte, Köln: DuMont 2000, S. 110","","Der Ernst der Kritik hat nun tatsächlich selber etwas Antiquiertes, und die Aufhebung von Kritik ins lustige Showbusiness der Literarischen Quartette ist von einer sozialen Logik, hinter der die alten, idealen Kategorien verblassen.","Nicht nur zu Unrecht hat der Soziologe Luhmann – und ich werde in diesem Buch noch einmal darauf zu sprechen kommen – gespottet, »Kritik« sei eine überholte intellektuelle Prozedur, nötig nur bei der Metaphysik und der Müllabfuhr.","Angesichts dieser einschüchternden Entmutigungen möchte ich in die Welt der Anekdoten ausweichen."
"92","2000-06-15","Zeitung","Archiv der Gegenwart, 2001. Zitiert nach: Archiv der Gegenwart, 2000, Bd. 70.","","Mitte Mai fanden in Pjöngjang nordkoreanisch-britische Gespräche statt, und Gerüchten zufolge gab es auch Konsultationen des kommunistischen Landes mit Kanada über die Intensivierung der Beziehungen.","Das ursprünglich für den Zeitraum vom 12. bis 14. Juni geplante Gipfeltreffen wurde auf Wunsch Nordkoreas aus ""technischen Gründen"" um einen Tag verschoben und begann am 13. Juni in Pjöngjang.","Auf dem Flughafen kam es zu einem ""historischen Händedruck"" zwischen KIM Jong Il und Südkoreas Präsident KIM Dae Jung, als der nordkoreanische Parteichef überraschend persönlich auf das Rollfeld kam, um seinen Gast zu begrüßen."
"93","2000-01-01","Belletristik","Goosen, Frank: Liegen lernen, Frankfurt am Main: Eichborn AG 2000, S. 184","","Wollte sie mich gleich hinter einen Baum oder einen besonders hohen Grabstein zerren und es mit mir treiben, während die anderen Erde auf den Sarg des Onkels warfen?","Mir wurde schlecht.","Gloria machte keine Anstalten."
"94","2004-01-01","Wissenschaft","Safranski, Rüdiger: Friedrich Schiller, München Wien: Carl Hanser 2004, S. 239","","Weil Schiller seinen »Don Karlos« eine Weile lang ruhen läßt, unterbrechen auch wir die Analyse des Stückes und wenden uns, wie Schiller, dem Roman »Der Geisterseher« zu.","Nachdem die ersten beiden Folgen des »Geistersehers« in der »Thalia« erschienen waren und Schiller vom Verleger und dem Lesepublikum dringlich um eine Fortsetzung der Geschichte gebeten wurde, schrieb Schiller an Körner:","Dem verfluchten Geisterseher kann ich bis diese Stunde kein Interesse abgewinnen; welcher Dämon hat mir ihn eingegeben! (6. März 1788)."
"95","2006-01-01","Belletristik","Glavinic, Thomas: Die Arbeit der Nacht, München Wien: Carl Hanser Verlag 2006, S. 276","","Ob sich Amundsen auf seiner Eisscholle oder im Wasser oder auf seinem Floß aus Flugzeugflügeln, oder wo immer es passiert war, zuletzt dasselbe gefragt hatte?","Oder hatte er angenommen, man würde seine Leiche finden?","Aber Roald, man hat sie nicht gefunden."
"96","2000-03-09","Zeitung","Die Zeit, 09.03.2000, Nr. 11","","Dies alles und mehr war nur möglich, weil Karl Dedecius - ein Polen-Kenner, wie es keinen zweiten gibt - das Institut aufgebaut und danach fast zwei Jahrzehnte geleitet hat.","Karl Dedecius wurde 1921 von deutschen Eltern in der Vielvölkerstadt Lodz geboren.","Dort ist er zur Schule gegangen und wuchs auf diese sehr natürliche Weise mit den polnischen Klassikern auf."
"97","2000-11-06","gesprochen","Der Spiegel, 06.11.2000","","Der Erfolgstrainer Eric van Harpen über das Scheitern seiner Zusammenarbeit mit Anna Kurnikowa, den Neid zwischen den Spielerinnen und die Sonderbehandlung der Stars","Van Harpen, 56, führte die Spanierin Conchita Martinez und die Schweizerin Patty Schnyder in die Weltspitze, ehe er 1999 Coach der Russin Anna Kurnikowa wurde.","In den sechziger Jahren stand der Holländer als Fußballprofi im Tor von Rot-Weiß Oberhausen. -"
"98","2006-01-01","Belletristik","Krausser, Helmut: Eros, Köln: DuMont 2006, S. 303","","Unkenntlich geworden.","Sie werden manchmal nicht vergraben, sie werden eingefroren und hervorgeholt, wenn man jemanden für tot erklären will, der es nicht ist, oder es noch nicht ist, oder es sehr bald sein wird, aber nicht so, wie man es die Welt glauben machen möchte.«","Aha."
"99","2002-01-01","Belletristik","Kopetzky, Steffen: Grand Tour, Frankfurt am Main: Eichborn 2002, S. 106","","Um das zu verhindern, arbeitete Lagrange Tag und Nacht.","Wenn es ihm gelingen würde, würde es nicht zu seinem Nachteil sein.","Ganz und gar nicht."
"100","2000-11-13","Zeitung","Archiv der Gegenwart, 2001. Zitiert nach: Archiv der Gegenwart, 2000, Bd. 70.","","Mit dieser Zusammenarbeit, die in eine neue Phase eintritt, sollen vorrangig die institutionellen, wirtschaftlichen und sozialen Reformen mit dem Ziel des Ausbaus eines Rechtsstaats gefördert werden, der den demokratischen Erfordernissen einer modernen Wirtschaft und Gesellschaft gerecht wird.","Hierauf wird im Benehmen mit den russischen Behörden speziell das TACIS-Programm ausgerichtet werden.","Wir begrüßen die Entwicklung der strategischen Partnerschaft zwischen der Russischen Föderation und der Europäischen Union, zu der es im Verlauf der letzten Jahre auf der Grundlage des PKA, der Gemeinsamen Strategie der Europäischen Union für Russland und der Mittelfristigen Strategie der Russischen Föderation für die Entwicklung der Beziehungen zur Europäischen Union gekommen ist."
